content,type,topic
Space V Clinic ตั้งอยู่ที่ไหน: ตั้งอยู่ที่ เมเจอร์ซีนีเพล็กสุขุมวิท(เอกมัย),Articles/Information,Space V Clinic
"การเดินทางไป Space V Clinic: หากเดินทางโดย BTS
สถานี >> เอกมัย ทางออก 1
ใช้ทางเชื่อมเข้าสู่อาคารสหกรณ์กรุงเทพ เดินผ่าน WE Fitness
เข้าสู่อาคารเมเจอร์ซีนีเพล็กสุขุมวิท(เอกมัย) ร้านจะอยู่ ชั้น 2

หากเดินทางโดย รถโดยสารประจำทาง
สายที่ผ่าน >> 23 25 38 40 48 71 501 508 511

หากเดินทางโดย รถส่วนตัว
ขึ้นบันไดเลื่อนมาที่ชั้น 2 หันขวาเดินผ่านร้าน Chester's (ร้านอยู่ข้างกัน)",Articles/Information,Space V Clinic
"มีโปรแกรม/หัตถการอะไรบ้าง: ที่ Space V Clinic มีโปรแกรม Botox,Filler,IV Drip,Mask,Meso และเครื่องยกกระชับนะคะ",Articles/Information,Space V Clinic
ลิงก์เพิ่มเพื่อน Line: https://lin.ee/JlNxoxE,Articles/Information,Space V Clinic
เบอร์ติดต่อ: สวัสดีครับคุณลูกค้า เบอร์ติดต่อของ Space V Clinic คือ 099-1426588 แต่ถ้าสนใจสามารถเพิ่มเพื่อนใน Line ผ่านลิงก์นี้ [https://lin.ee/JlNxoxE](https://lin.ee/JlNxoxE) เพื่อติดต่อสอบถามโดยตรงได้นะครับ,Articles/Information,Space V Clinic
เสียค่าจอดรถมั้ย: อัตราค่าบริการจอดรถยนต์ เมเจอร์สุขุมวิท 4 ชั่วโมงแรก/20 บาท ชั่วโมงถัดไป 20 บาทครับ,Articles/Information,Space V Clinic
คุณหมอเข้าตรวจทุกวันไหมค่ะ: สวัสดีครับ สำหรับตารางเข้าตรวจของคุณหมอ ที่ Space V Clinic ผมแนะนำให้ติดต่อสอบถามกับทางคลินิกโดยตรงครับ,Articles/Information,Space V Clinic
คลินิกเปิดกี่โมง: สวัสดีครับ Space V Clinic เปิดทำการทุกวัน เวลา 10.30 - 20.00 น. ครับ,Articles/Information,Space V Clinic
ถ้าขับรถไป มีที่จอดรถมั๊ย: คุณลูกค้าสามารถจอดรถได้ที่อาคารเมเจอร์ซีเนเพล็กสุขุมวิท (เอกมัย) โดยจะมีอัตราค่าจอดรถเหมาจ่าย 4 ชั่วโมงแรก 20 บาท ชั่วโมงต่อไปชั่วโมงละ 20 บาท ครับ,Articles/Information,Space V Clinic
คลินิกสเปซวีเป็นของใคร: Space V Clinic เป็นแบรนด์คลินิกใหม่ในเครือของ The Ritz Group ที่มีรูปแบบ และ concept ในการให้บริการที่แตกต่าง เหมาะสำหรับคนรุ่นใหม่ หรือคนวัยทำงานที่ต้องการความเป็นส่วนตัวในการเข้ามาใช้บริการ และการเลือกซื้อคอร์สที่สามารถเลือกซื้อได้เองผ่านระบบ Kiosk หน้าคลินิก โดยไม่ต้องผ่านเซลส์หรือพนักงานขายครับ โดยที่การบริการได้มาตรฐาน และให้การรักษาโดยแพทย์ผู้เชี่ยวชาญครับ,Articles/Information,Space V Clinic
กดสิวช่วยเรื่องอะไร?: การกดสิวช่วยทำให้สิวหายเร็วขึ้น ลดการเกิดสิวใหม่ และช่วยป้องกันสิวอุดตัน พัฒนาไปเป็นสิวอักเสบ ซึ่งมีความรุนแรงขึ้น และอาจทำให้เกิดรอยแผลเป็น ภายหลังได้นะคะ,Q/A,Comedone Extraction (กดสิว)
กดสิวเหมาะกับสิวประเภทใด?: การกดสิวจะได้ผลดีกับสิวอุดตัน ทั้วสิวหัวดำ และสิวหัวขาวเลยนะคะ ซึ่งสิวเหล่านี้จะอุดตันบนผิวหน้า ทำให้ผิวหน้าขุระไม่เรียบเนียนด้วยนะคะ,Q/A,Comedone Extraction (กดสิว)
กดสิวราคาครั้งละเท่าไร?: กดสิวครั้งละ 500 บาทค่ะ,Q/A,Comedone Extraction (กดสิว)
Botox คืออะไร: Botulinum Toxin หรือ โบท็อกซ์ คือสารที่ได้จากการสังเคราะห์ของเชื้อ Clostidium Botulinum ซึ่งเป็นเชื้อแบคทีเรียชนิดหนึ่งที่มีข้อบ่งชี้ ในการใช้ด้านความงาม รวมถึงมีประสิทธิภาพสูงสุด คือ “Botulinum toxin type A” ซึ่งจะออกฤทธิ์โดยตรงกับระบบการทำงานของกล้ามเนื้อ โดยการยับยั้งการหลั่งสารสื่อประสาท ทำให้ปลายประสาท ไม่สามารถกระตุ้นการหดตัวของกล้างเนื้อได้ ส่งผลให้กล้ามเนื้อคลายตัว จึงสามารถใช้ลดริ้วรอยบนใบหน้าและช่วยปรับรูปหน้าได้,Q/A,Botox
Botox สามารถฉีดบริเวณไหนได้บ้าง?: สามารถฉีดบริเวณใบหน้า ลิฟกรอบหน้า ลดกราม บริเวณรักแร้ บริเวณน่อง บ่า และแขนได้นะคะ,Q/A,Botox
Botox รักแร้ช่วยเรื่องอะไร?: การฉีด Botox บริเวณรักแร้ เพื่อลดเหงื่อ และกลิ่นกายที่ไม่พึงประสงค์ เหมาะสำหรับ ผู้ที่มีปัญหาเหงื่อออกที่รักแร้จนเปียกชุ่ม จนทำให้มีปัญหาเรื่องกลิ่นตัวตามมานะคะ,Q/A,Botox
Botox บริเวณน่องช่วยเรื่องอะไร?: การฉีด Botox บริเวณน่อง จะช่วยทำให้ขาดูเรียวสวยขึ้น เหมาะสำหรับผู้หญิง ที่ต้องสวมรองเท้าส้นสูงเป็นประจำ หรือต้องยืนติดต่อกันเป็นเวลานานนะคะ,Q/A,Botox
Botox บริเวณบ่าและแขนช่วยเรื่องอะไร?: การฉีด Botox บริเวณบ่าหรือแขน เหมาะสำหรับผู้หญิงบางคนที่ออกออกกำลังกาย จนบ่าใหญ่ หรือทำกิจกรรมที่ต้องใช้แขนบ่อยๆ จนทำให้ชั้นกล้ามเนื้อบริเวณแขน หนาขึ้นเรื่อยๆ แล้วทำให้เวลาใส่เสื้อผ้าอาจจะดูไม่สวย การฉีด Botox เข้าไปที่ บริเวณกล้ามเนื้อแขนและบ่าจะช่วยลดขนาดกล้ามเนื้อลงได้นะคะ,Q/A,Botox
"Botox มีกี่ยี่ห้อ และมีอะไรบ้าง?: Botox มี 4 ยี่ห้อ ได้แก่ Botox Allergan , Dysport , Xeomin และNabota ซึ่งโบท็อกทั้ง 4 ยี่ห้อผ่านการรับรองคุณภาพทั้งอเมริกา ยุโรปและ ไทยนะคะ (U.S.FDA , TH-FDA , CE) ฉีดโดยแพทย์ผู้ชำนาญการทุกเคสค่ะ",Q/A,Botox
การฉีด Botox ควรเริ่มฉีดเมื่อไร?: สามารถเริ่มฉีดได้ เมื่อมีริ้วรอยเกิดขึ้นบริเวณใบหน้า หรือรอยเหี่ยวย่น ไม่ควรรอให้เกิดเป็นเส้นร่องลึกถาวร,Q/A,Botox
เมื่อเลิกฉีด Botox ริ้วรอยจะกลับมาหรือมีมากกว่าเดิมไหม?: ริ้วรอยจะค่อยๆกลับมาตามสภาวะของคนไข้ ผลลัพธ์ขึ้นอยู่กับแต่ละบุคคลนะคะ,Q/A,Botox
หากฉีด Botox บ่อย จะทำให้เกิดการดื้อยาจริงหรือไม่?: จริงๆควรเว้นระยะเวลาในการฉีดอย่างน้อย 3 เดือน และเลือกใช้ผลิตภัณฑ์ที่มีคุณภาพ เพราะการฉีดโบท็อกซ์ที่ไม่มีคุณภาพ อาจมีสารปนเปื้อน ซึ่งอาจเกิดการดื้อยาได้ง่าย,Q/A,Botox
โบท็อกซ์ อัลเลอร์แกน (Allergan) เป็นอย่างไร: เป็นโบท็อกซ์จากประเทศสหรัฐอเมริกา สารโบท็อกซ์มีโมเลกุลขนาดใหญ่ และมีความบริสุทธิ์มากถึง 99% ผลลัพธ์อยู่ได้นานประมาณ 4-6 เดือนนะคะ,Q/A,Botox
โบท็อกซ์ ดิสพอร์ต (Dysport) เป็นอย่างไร: เป็นโบท็อกซ์จากประเทศอังกฤษ จุดเด่นจะอยู่ที่การกระจายได้ดีของสาร ทำให้ไม่เกิดกระจุกตัวอยู่จุดแคบๆ เหมาะสำหรับผู้ที่ต้องการลดริ้วรอยให้ดูเป็นธรรมชาติ รวมไปถึงผู้ที่ต้องการลดกระชับสัดส่วน อย่างต้นแขน กระชับน่อง หรือลดเหงื่อบริเวณรักแร้ได้ด้วย สารโบท็อกซ์มีโมเลกุลขนาดปานกลาง และมีความบริสุทธิ์มากถึง 99% ผลลัพธ์อยู่ได้นานประมาณ 4-6 เดือนนะคะ,Q/A,Botox
โบท็อกซ์ ซีโอมิน (Xeomin) เป็นอย่างไร: เป็นโบท็อกซ์จากประเทศเยอรมัน เหมาะกับผู้ที่ดื้อโบท็อกซ์ หรือจำไม่ได้ว่าฉีดโบท็อกซ์ยี่ห้อไหนมาก่อน จุดเด่นอยู่ที่โบท็อกซ์มีความบริสุทธิ์มากถึง 100% มีโมเลกุลขนาดเล็ก เมื่อฉีดแล้วผลลัพธ์จะอยู่ได้นานประมาณ 4-5 เดือนนะคะ,Q/A,Botox
โบท็อกซ์ นาโบตะ (Nabota) เป็นอย่างไร: เป็นโบท็อกซ์จากประเทศเกาหลี จุดเด่นคือออกฤทธิ์เร็ว เหมาะสำหรับผู้ที่ต้องการเห็นผลไวหลังฉีดทันที และยังมีราคาที่จับต้องได้ มีความนิยมสูง มีโมเลกุลขนาดเล็ก และมีความบริสุทธิ์มากถึง 95% ผลลัพธ์อยู่ได้นานประมาณ 3-5 เดือน,Q/A,Botox
"ข้อควรปฏิบัติ ""ก่อนฉีด"" โบท็อกซ์: 1. ควรงดดื่มเครื่องดื่มแอลกอฮอล์ หรือมีส่วนผสมของแอลกอฮอล์เป็นเวลา 24 ชั่วโมง 
2. ควรหยุดยาหรือผลิตภัณฑ์เสริมอาหารที่มีผลต่อการแข็งตัวของเลือด เช่น ยาแก้อักเสบ แอสไพริน น้ำมันตับปลา วิตามินอีเป็นต้น เป็นเวลา 7-14 วัน
3. ควรเลือกคลินิกที่ได้มาตราฐาน และฉีดโดยแพทย์ที่มีประสบการณ์และความชำนาญสูง
4. เลือกใช้เฉพาะผลิตภัณฑ์โบท็อกซ์ที่เป็นของแท้เท่านั้น
5. ควรให้แพทย์ผสมสาร โบท็อกซ์ให้ดูทุกครั้ง เพื่อให้มั่นใจว่าสารที่จะฉีดไม่ได้ถูกน้ำเกลือเจือจางมากเกินไป",Q/A,Botox
"ข้อควรปฏิบัติ ""หลังฉีด"" โบท็อกซ์: * ฉีดโบท็อกซ์ลดริ้วรอย : หลังจากฉีด 3-7 วันจะเริ่มรู้สึกตึงบริเวณรอบๆที่ฉีด และริ้วรอยจะลดลงและเห็นผลอย่างเต็มที่ภายใน 2-4 สัปดาห์
* ฉีดโบท็อกซ์ลิฟกรอบหน้า : จะเริ่มเห็นผลประมาณ 2 สัปดาห์ และเห็นผลชัดเจนภายใน 1 เดือน โดยจะรู้สึกตึงกระชับที่บริเวณกรอบหน้า และกรอบหน้าดูชัดมากขึ้น
* ฉีดโบท็อกซ์ลดกราม : จะเริ่มเห็นผลหลังจากที่ฉีดไปแล้ว 1 สัปดาห์ โดยเวลากัดฟันแล้วกรามจะเด้งเพียงเล็กน้อย แต่หลังจากผ่านไปแล้ว 2 สัปดาห์ กัดฟันแล้วกรามจะไม่เด้งออกเลย และภายใน 2-3 เดือน กรามจะมีขนาดเล็กลงอย่างเห็นได้ชัด
* ฉีดโบท็อกซ์ลดเหงื่อ : เหงื่อบริเวณที่ฉีดจะลดลง และเห็นผลเต็มที่ภายใน 2-4 สัปดาห์
* ฉีดโบท็อกซ์บ่า แขน และน่อง : เนื่องจากบริเวณนี้กล้ามเนื้อจะมีขนาดใหญ่กว่าส่วนอื่นๆ ทำให้ต้องใช้ระยะเวลานานกว่าจะเห็นผล แต่โดยส่วนใหญ่แล้วจะเห็นผลชัดเจนภายใน 3 เดือน",Q/A,Botox
ผลลัพธ์ของโบท็อกซ์อยู่ได้กี่เดือน: ผลลัพธ์ของโบท็อกซ์อยู่ได้นาน 4-6 เดือน สำหรับผู้ที่ต้องการคงผลลัพธ์ของโบท็อกซ์ไว้สามารถเข้ารับการฉีดโบท็อกซ์อย่างต่อเนื่อง ตามระยะเวลาที่แพทย์แนะนำได้เลยนะคะ,Q/A,Botox
"ฉีดโบท็อกซ์มีผลข้างเคียงหรือไม่: A :  แม้ว่าการฉีดโบท็อกซ์จะเป็นหัตถการที่มีความปลอดภัยและได้รับการยอมรับในทั่วโลก แต่มีโอกาสเกิดผลข้างเคียงที่ไม่พึงประสงค์ได้เช่นกัน โดยผลข้างเคียงจากการฉีดโบท็อกซ์มีดังนี้
        1. มีอาการบวม แดง รอยช้ำจากเข็ม หรือเขียว ตรงบริเวณที่ฉีด
        2. มีอาการแพ้ เห่อแดง บริเวณที่ฉีด
        3. หน้าแข็งตึง หน้าไม่สมมาตร ไม่สามารถยิ้ม หรือบังคับกล้ามเนื้อบริเวณใบหน้าได้ เกิดจากการฉีด Botulinum Toxin ในตำแหน่งที่ไม่เหมาะสม หรือฉีดในปริมาณที่มากเกิน
        4. หนังตาตก เกิดจากกล้ามเนื้อเป็นอัมพาตชั่วคราว
        5. หางคิ้วกระดก เกิดจากการฉีด Botulinum Toxin ในตำแหน่งที่ไม่ถูกต้อง จนทำให้คิ้วเลิกสูงขึ้น ซึ่งในบางคนยังอาจทำให้เกิดรอยย่นข้างที่คิ้วกระดกด้วย
      อย่างไรก็ตาม ผลข้างเคียงเหล่านี้สามารถหลีกเลี่ยงได้ด้วยการเลือกฉีด Botulinum Toxin กับแพทย์ที่มีความเชี่ยวชาญด้านการฉีดโบท็อกซ์โดยเฉพาะ เลือกใช้  Botulinum Toxin ของแท้ ผ่านการรับรองจาก อย. ไทย และฉีดในตำแหน่งที่ถูกต้องในปริมาณที่เหมาะสม",Q/A,Botox
"โบท็อกซ์ Allergan ราคาเท่าไร?: 100U ปกติราคา 20,000 บาท 
โปรโมชั่นพิเศษ 100U เพียง 17,900 บาท 
                          50U เพียง 9,500 บาท (จากปกติ 10,000 บ.)",Q/A,Botox
"โบท็อกซ์ Dysport ราคาเท่าไร?: 300DU ปกติราคา 18,000 บาท 
โปรโมชั่นพิเศษ 300DU เพียง 16,900 บาท 
                        150DU เพียง 8,500 บาท (จากปกติ 9,000 บ.)",Q/A,Botox
"โบท็อกซ์ Xeomin ราคาเท่าไร?: 100U ปกติราคา 20,000 บาท 
โปรโมชั่นพิเศษ 100U เพียง 17,900 บาท 
                          50U เพียง 9,500 บาท (จากปกติ 10,000 บ.)",Q/A,Botox
"โบท็อกซ์ Nabota ราคาเท่าไร?: 100U ปกติราคา 12,000 บาท 
โปรโมชั่นพิเศษ 100U เพียง 8,900 บาท 
                          50U เพียง 4,900 บาท (จากปกติ 6,000 บ.)",Q/A,Botox
ฉีดโบท็อกซ์ห้ามนอนกี่ชั่วโมง: แนะนำงดนอนราบ หรือนอนตะแคง 4 ชั่วโมงหลังจากฉีดโบท็อกซ์นะคะ เพราะจะทำให้ตัวยากระจายไปยังบริเวณอื่นๆที่ไม่ได้ต้องการ,Q/A,Botox
ฉีดโบท็อกซ์อาบน้ำอุ่นได้ไหม: แนะนำให้ให้อาบน้ำอุณหภูมิปกติ เนื่องจากความร้อนจะทำให้ตัวยาสลายตัวเร็วขึ้นได้,Q/A,Botox
ฉีดโบท็อกซ์กี่วันถึงนวดหน้าได้: หลังหลังฉีดโบท็อกซ์ 7-14 วัน หากมีคอร์สนวดหน้าที่ต้องทำเป็นประจำ ควรทำมาก่อนฉีดโบท็อกซ์ค่ะ,Q/A,Botox
ฉีดโบท็อกซ์ล้างหน้าได้ไหม: างได้ตามปกติเลยนะคะ แต่ไม่ควรใช้น้ำอุ่นล้างหน้า และควรล้างเบามือ งดการนวดหรือถูแรงๆอย่างน้อย 2 สัปดาห์หลังจากฉีดโบท็อกซ์นะคะ,Q/A,Botox
ควรฉีดโบท็อกซ์ปีละกี่ครั้ง: แนะนำควรฉีดโบท็อกซ์ปีละ 1-2 ครั้ง เพราะผลลัพธ์ของการฉีดโบท็อกซ์ 1 ครั้งอยู่ได้นานประมาณ 4-6 เดือนเลยค่ะ,Q/A,Botox
ควรฉีดโบท็อกซ์ครั้งละกี่ยูนิต: ปริมาณที่คนส่วนใหญ่ และคลินิกทั่วไปใช้จะอยู่ที่ 100 ยูนิต เพราะสามารถใช้ฉีดลดกราม หรือริ้วรอยทั่วหน้าได้ แต่ถ้าฉีดโบท็อกซ์จุดใหญ่ๆ เช่น น่อง กล้ามแขน ก็จะใช้ปริมาณมากขึ้น ทั้งนี้ปริมาณยาขึ้นอยู่กับปัญหาและความต้องการ ซึ่งแพทย์จะเป็นผู้ประเมินปริมาณที่เหมาะสมให้นะคะ,Q/A,Botox
ควรเว้นระยะห่างการฉีดโบท็อกซ์นานแค่ไหน: ควรเว้นจากครั้งล่าสุดอย่างน้อย 3 เดือน และไม่เว้นระยะห่างเกินไป ไม่ควรเกิน 5-6 เดือนนะคะ,Q/A,Botox
"Belotero Revive คืออะไร: ""ฟิลเลอร์ตัวแรกในโลกที่ช่วยให้คุณภาพผิวดีขึ้น"" ด้วยส่วนผสมพิเศษผสานพลังระหว่าง Hyarulonic acid และ Glycerol (2in1 Power) ช่วยเพิ่มความชุ่มชื้น และกักเก็บความชุ่มชื้นให้อยู่ในผิวคุณได้นานมากขึ้น",Q/A,Filler
Belotero Revive ช่วยเรื่องอะไร: ช่วยฟื้นฟูสภาพผิวที่มีปัญหาในระยะเริ่มแรกจากการถูกทำลายโดยแสงแดด และมลภาวะต่างๆ โดยเหมาะกับ ผิวแห้ง ผิวขาดน้ำ ผิวขาดความยืดหยุ่น และความกระชับ จะช่วยทำให้ผิวชุ่มชื้นฉ่ำน้ำ เนียนนุ่ม อิ่มฟู ผิวหยืดหยุ่นขึ้น ริ้วรอยเล็กๆจางลง ทำให้ได้ผลลัพธ์ 4 มิตินะคะ,Q/A,Filler
"Belotero Revive  เหมาะกับผิวแบบไหน: 1. ผู้ที่มีผิวขาดน้ำ แห้งกร้าน
2. ผู้ที่มีผิวไม่กระชับ
3. ผู้ที่มีผิวขาดความยืดหยุ่น
4. ผู้ที่มีผิวไม่เรียบเนียน
5. ผู้ที่มีรูขุขมขนกว้างจากผิวที่แห้ง
6. ผู้ที่มีริ้วรอย ร่องตื้นบนใบหน้า",Q/A,Filler
ผลลัพธ์หลังฉีด Belotero Revive: ได้ผลลัพธ์ 4 มิติ ได้แก่ ผิวชุ่มชื้น ผิวฉ่ำน้ำ ผิวแน่น-อิ่มฟู ผิวยืดหยุ่น ที่สำคัญผลลัพธ์คงอยู่ได้นานถึง 9 เดือนนะคะ,Q/A,Filler
ฉีด Belotero Revive อย่างไรเพื่อให้ได้ผลลัพธ์มากที่สุด: เพื่อให้ได้ผลลัพธ์ที่มากที่สุด แนะนำฉีด Belotero Revive อย่างน้อย 3 ครั้ง โดยฉีดเดือนละครั้ง เพื่อให้ผลลัพธ์อยู่ได้นานถึง 9 เดือนนะคะ,Q/A,Filler
"ข้อควรระวังผู้ที่ต้องการฉีด Belotero Revive: 1. สตรีมีครรภ์ และให้นมบุตร
2. ผู้ที่แพ้สาร BDDE หรือส่วนผสมที่อยู่ในผลิตภัณฑ์
3. ผู้ที่มีอาการ SLE หรือแพ้ภูมิตัวเอง
4. ผู้ที่มีการติดเชื้อต่างๆ",Q/A,Filler
"Belotero Revive ราคาเท่าไร: 1CC ราคาปกติ 15,000 บาท 
โปรโมชั่นพิเศษ 1CC เพียง 9,900 บาท 
                        2CC เพียง 18,000 บาท",Q/A,Filler
Juvederm Volite คืออะไร: ฟิลเลอร์ กรดไฮยาลูโรนิค ( Hyaluronic Acid – HA ) จาก Allergan Aesthetics หนึ่งในผู้ผลิตผลิตภัณฑ์ความงามชั้นนำจากสหรัฐอเมริกา ซึ่งเป็นบริษัทเดียวกับที่ผลิต Botox Allergan ครับ เป็นยี่ห้อฟิลเลอร์ที่ได้รับการยอมรับอย่างกว้างขวางจากแพทย์ทั่วโลก และได้รับรองการนำเข้าอย่างถูกต้องจากสํานักงานคณะกรรมการอาหารและยา (อย.) นะคะ,Q/A,Filler
"Juvederm Volite ช่วยเรื่องอะไร: เป็นฟิลเลอร์งานผิวที่มีคุณสมบัติพิเศษ นอกจากจะช่วยเติมเต็มร่องลึก แต่ยังช่วยฟื้นฟูคุณภาพผิวเพิ่มความชุ่มชื้นให้กับผิวถึง 1,000 เท่า ทำให้ผิวดูอิ่มน้ำ ฉ่ำวาวยาวนานถึง 8-12 เดือน หลังจากฉีดเพียง 1 ครั้งนะคะ",Q/A,Filler
"Juvederm Volite เหมาะกับผิวแบบไหน: 1. ผู้ที่มีผิวแห้งหรือขาดน้ำ : Juvederm Volite ช่วยเพิ่มความชุ่มชื้นให้กับผิวที่ขาดน้ำ ทำให้ผิวดูอิ่มน้ำ รูขุมขนเล็กลง
2. ผู้ที่ต้องการลดเลือนริ้วรอยเล็ก ๆ : ช่วยในการลดเลือนริ้วรอยเล็ก ๆ บนผิว และทำให้ผิวดูเรียบเนียนขึ้น
3. ผู้ที่ต้องการเพิ่มความยืดหยุ่นของผิว : การฉีด Juvederm Volite สามารถช่วยให้ผิวมีความยืดหยุ่นและกระชับขึ้น
4. ผู้ที่มีปัญหาผิวหย่อนคล้อย : ช่วยในการฟื้นฟูและยกกระชับผิวที่หย่อนคล้อย
5. ผู้ที่มีปัญหาริ้วรอยบริเวณคอและหลังมือ : การฉีดในบริเวณคอและมือช่วยให้ผิวเหล่านี้ดูเรียบเนียนและมีสุขภาพดีขึ้น
6. ผู้ที่มีหลุมสิว : ช่วยเติมเต็มหลุมสิวให้ดูเรียบเนียนขึ้น (หลุมสิวขนาดไม่เกิน 3-5 มม.)
7. ผู้ที่ต้องการผลลัพธ์ที่ดูธรรมชาติ : Juvederm Volite ให้ผลลัพธ์ที่ดูเป็นธรรมชาติ ไม่เน้นเปลี่ยนแปลงรูปทรงหรือโครงสร้างใบหน้า",Q/A,Filler
"ผลลัพธ์หลังฉีด Juvederm Volite: 1. ช่วยปรับสภาพผิวทั่วใบหน้า
2. เติมเต็มความชุ่มชื้น ทำให้ผิวเรียบเนียน
3. เติมเต็มหลุมสิว ผิวขรุขระ
4. ลดเลือดริ้วรอยเส้นเล็กๆ
""เห็นผลลัพธ์ชัดเจนใน 2 สัปดาห์นะคะ""",Q/A,Filler
"จุดเด่นของ ฟิลเลอร์ Juvederm Volite คืออะไร: 1. Juvederm Volite ใช้เทคโนโลยี Vycross ในการผลิต จึงทำให้มีคุณสมบัติเด่นในการช่วยยกกระชับ มีโมเลกุลหนาแน่น และมีอัตราการบวมน้ำหรืออุ้มน้ำน้อย ผลลัพธ์หลังฉีดเรียบเนียน ไม่เป็นก้อน
2. ช่วยฟื้นฟูคุณภาพผิว (skin quality) ให้ผิวเด้ง ดูอิ่มน้ำ ฉ่ำวาว สุขภาพดี ลดปัญหารูขุมขนกว้าง ทำให้ผิวมีสัมผัสที่ดูดีและเนียนนุ่ม
3. เห็นผลลัพธ์ทันที และสามารถกักเก็บความชุ่มชื้นยาวนานถึง 8-12 เดือน หลังการฉีดเพียง 1 ครั้ง
 4. หากฉีดในตำแหน่งที่ถูกต้อง จะช่วยให้ผิวมีความฟูและกระชับขึ้น ซึ่งเป็นผลมาจากเทคโนโลยี VyCross ที่มีคุณสมบัติเด่นในการยกกระชับ
5. ฉีดได้หลายตำแหน่ง ทั้งผิวหน้า ลำคอ และหลังมือ
6. ช่วยเติมเต็มหลุมสิว (ใช้ได้ในบางกรณี ต้องตรวจประเมินสภาพผิวกับหมอก่อน)
7. ช่วยแก้ไขริ้วรอยเส้นเล็ก ๆ ได้ทั่วใบหน้า เช่น ริ้วรอยใต้ตา ร่องแก้ม ร่องมุมปาก ริ้วรอยหน้าผาก",Q/A,Filler
"Juvederm Volite สามารถฉีดบริเวณไหนได้บ้าง: 1. ทั่วใบหน้า : เพื่อเพิ่มความชุ่มชื้น ลดเลือนริ้วรอยเล็ก ๆ และฟื้นฟูผิวให้ดูเรียบเนียน
2. ริมฝีปาก : แก้ปัญหาปากแห้ง ปากเป็นร่อง ทาลิปสติกแล้วตกร่อง หลังฉีดจะช่วยบำรุงปากชุ่มชื้น อวบอิ่มขึ้นเล็กน้อยโดยใช้ฟิลเลอร์ 1 CC ก็สามารถเห็นผลที่ชัดเจนได้
3. ใต้ตา : ฉีดลดริ้วรอยเล็ก ๆ บริเวณใต้ตา
4. หน้าผาก : ช่วยลดริ้วรอยเส้นเล็ก ๆ
5. ลำคอ : ช่วยให้ผิวที่คอเรียบเนียน แก้ปัญหาริ้วรอย ร่องลึกที่คอ  (หลุมสิวขนาดไม่เกิน 3-5 มม.)
6. หลังมือ : ช่วยปรับสภาพผิวหลังมือให้เรียบเนียน เหมาะกับคนที่มือเหี่ยวหรือมีเส้นเลือดปูด",Q/A,Filler
ควรใช้ Juvederm Volite กี่CC: สำหรับปริมาณการใช้ Juvederm Volite กี่ CC นั้น โดยทั่วไปปริมาณที่ใช้ประมาณ  1-2 CC แต่อาจต้องปรับเปลี่ยนตามบุคคลและความต้องการของผิวในแต่ละบริเวณ หรือถ้าคนไข้ไม่แน่ใจ ก็สามารถค่อย ๆ ทยอยฉีดเพื่อดูผลลัพธ์ก่อนได้ ไม่จำเป็นต้องฉีดอัดทีเดียวเยอะๆนะคะ,Q/A,Filler
"Juvederm Volite ราคาเท่าไร: 1CC ราคาปกติ 12,000 บาท 
โปรโมชั่นพิเศษ 1CC เพียง 7,900 บาท 
                        2CC เพียง 15,000 บาท",Q/A,Filler
"5 เหตุผลที่ควรเลือกฉีดฟิลเลอร์ที่ SPACE V CLINIC: 1. ดำเนินการโดยแพทย์ผู้มีประสบการณ์และชำนาญการด้านการฉีดฟิลเลอร์โดยเฉพาะ
2. เลือกใช้ผลิตภัณฑ์ของแท้ ได้มาตรฐาน นำเข้ามาอย่างถูกต้อง ผ่านการรับรองมาตรฐานคุณภาพทั้งจากอเมริกา ยุโรป และไทย (U.S. FDA, TH-FDA, CE) จึงมั่นใจได้ในความปลอดภัย
3. มีผลิตภัณฑ์ฟิลเลอร์ให้เลือกใช้หลายรุ่น หลายแบรนด์ ทำให้ตอบโจทย์สภาพผิวและรูปหน้าของคนไข้ได้อย่างครอบคลุม
4. การันตีในผลลัพธ์ว่าคุณจะต้องพึงพอใจ
5. มีการติดตามผลลัพธ์หลังการรักษาอย่างต่อเนื่อง เพื่อให้ผู้เข้ารับบริการเกิดความมั่นใจและยังมีการเปรียบเทียบผลลัพธ์ทั้งก่อนและหลังทำ ให้ผู้เข้ารับบริการได้เห็นความเปลี่ยนแปลงที่เกิดขึ้นอย่างชัดเจนอีกด้วย",Q/A,Filler
"ข้อควรปฏิบัติก่อนการฉีดฟิลเลอร์: 1. ก่อนทำ 3-7 วันควรงดยาแก้ปวดกลุ่ม NSAIDs ยาละลายลิ่มเลือด และวิตามิน
2. ก่อนทำ 1 วันควรงดดื่มเครื่องดื่มแอลกอฮอล์
3. ก่อนทำ 1 วัน ควรงดการออกกำลังกาย หรือทำกิจกรรมที่ทำให้เลือดสูบฉีด รวมไปถึงควรเลี่ยงกิจกรรมที่ทำให้ใบหน้าสัมผัสความร้อน อย่างการซาวน่า ล้างหน้าด้วยน้ำอุ่น เป็นต้น
4. หากมีโรคประจำตัว หรือมีอาการของผิวหนังอักเสบบริเวณที่จะทำการฉีดฟิลเลอร์ควรแจ้งแพทย์ก่อนทำหัตถการ",Q/A,Filler
"หลังฉีดฟิลเลอร์แล้วควรปฏิบัติตัวอย่างไร: 1. หลังฉีดอาจพบอาการเขียวช้ำหรือบวมแดงได้ จึงควรหลีกเลี่ยงการสัมผัสในบริเวณจุดที่ฉีด หลังจากนั้นประมาณ 2-3 วันอาการก็จะค่อย ๆ ดีขึ้นและหายไปเอง
2. หลีกเลี่ยงให้บริเวณจุดที่ฉีดฟิลเลอร์สัมผัสกับความร้อนทุกชนิด อย่าง การตากแดด การออกกำลังกายกลางแจ้ง การซาวน่า เป็นต้น
3. ให้เลี่ยงการขยับผิวในจุดที่ฉีดในช่วง 3 วันแรก เพราะอาจทำให้สารเติมเต็มเคลื่อนตัวจนอยู่ผิดตำแหน่งได้
4. ควรดื่มน้ำมาก ๆ ซึ่งจะช่วยทำให้ฟิลเลอร์ที่ฉีดคงสภาพได้ดีมากยิ่งขึ้น",Q/A,Filler
ฉีดฟิลเลอร์เจ็บไหม: ก่อนที่จะทำการฉีดฟิลเลอร์ แพทย์จะมีการแปะยาชาเฉพาะที่ หรือประคบเย็นก่อน ซึ่งจะช่วยลดความเจ็บได้มาก อีกทั้งฟิลเลอร์ในปัจจุบันยังมีการผสมยาชาด้วย ใครที่กลัวเจ็บ ไม่ต้องกังวลเลย รับรองว่าสามารถทำได้สบายๆ อย่างแน่นอนค่ะ,Q/A,Filler
"Belotero Revive กับ Juvederm Volite ต่างกันอย่างไร: Belotero REVIVE ด้วยส่วนผสมของ Hyaluronic Acid + Glycerol ทำให้กักเก็บความชุ่มชื้นได้ยาวนานมากยิ่งขึ้น
👩🏻‍⚕️ ทำหัตถการ 1-3 ครั้ง ผลลัพธ์อยู่ได้ 9 เดือน 

Juvederm VOLITE ด้วยนวัตกรรมของ Juvederm และส่วนผสมของ Hyaluronic Acid+Aquaporin 3 ทำให้ผิวชุ่มชื้นยาวนาน พร้อมผิวยกกระชับ เรียบเนียน
👩🏻‍⚕️ ทำหัตถการ 1 ครั้ง ผลลัพธ์อยู่ได้ 9 เดือน (ขึ้นกับสภาพผิวของแต่ละบุคคล)",Q/A,Filler
"มาสก์หน้ามีกี่สูตร อะไรบ้าง: มาสก์หน้ามีทั้งหมด 3 สูตร ได้แก่ Acne Clear,Aura White และSuper Water นะคะ",Q/A,Mask
"แต่ละสูตรช่วยเรื่องอะไร: Acne Clear Mask : มาสก์หน้าสูตรลดสิว ลดการเกิดสิวใหม่
Aura White Mask : มาสก์หน้าสูตรขาวใส 
Super Water Mask : มาร์สหน้า สูตรเติมเต็มความชุ่มชื้น",Q/A,Mask
มาสก์หน้าราคาเท่าไร: มาสก์หน้าครั้งละ 500 บาทค่ะ,Q/A,Mask
โปรแกรมสลายไขมัน Meso Fat เหมาะกับใคร: เหมาะกับคนที่ต้องการลดสัดส่วนจุดต่างๆของร่างกาย ให้ลดลงเร็วขึ้นจากวิธีปกติ ฉีดลดแก้ม เหนียง ลดขนาดต้นแขนต้นขา สะโพก และลดไขมันในจุดที่มีการสะสมมากๆนะคะ,Q/A,Meso Fat
"โปรแกรมสลายไขมัน Meso Fat ช่วยเรื่องอะไร: 1. สลายไขมันแก้ม เหนียง กระชับผิว
2. สลายไขมันสะสม ในจุดต่างๆของร่างกาย
3. เห็นผลไว ลดไขมันได้เร็ว
4. ฉีดได้หลายจุด ทั้งใบหน้าและลำตัว
5. ใช้เวลาฉีดไม่นาน ไม่ต้องพักฟื้น
6. สามารถฉีดซ้ำได้ ยิ่งต่อเนื่องยิ่งเห็นผล
7. ไม่แสบไม่บวม",Q/A,Meso Fat
ผลลัพธ์หลังทำโปรแกรมสลายไขมัน Meso Fat: หลังจากฉีด Meso Fat ต้องใช้ระยะเวลา 1-2 สัปดาห์ถึงจะเห็นผลลัพธ์ที่ชัดเจนขึ้น หากคนไข้มีไขมันสะสมเป็นจำนวนมาก แนะนำให้กลับมาฉีดซ้ำ 3-5 ครั้งเพื่อให้ได้ผลลัพธ์ที่ดี,Q/A,Meso Fat
"โปรแกรมสลายไขมัน Meso Fat ราคาเท่าไร: CC ราคาปกติ 2,900 บาท 
โปรโมชั่นพิเศษ เพียง 1,900 บาท",Q/A,Meso Fat
Glow Skin (Auto Injection),,
"โปรแกรม Glow Skin (Auto Injection) คืออะไร: คือ โปรแกรมบำรุงฟื้นฟูผิวด้วย ""Auto Injection 9หัวเข็ม"" ที่สามารถควบคุมความสม่ำเสมอและความลึกของหัวเข็มเพื่อผิวที่โกลว์ ""บูสต์ผิวปัง ฉ่ำวาวภายใน 24 ชั่วโมง""",Q/A,Glow Skin (Auto Injection)
"โปรแกรม Glow Skin (Auto Injection) มียาตัวไหนบ้าง: ได้แก่ Revs , Bright & glow และ NCTF นะคะ",Q/A,Glow Skin (Auto Injection)
"Revs คืออะไร: เป็นนวัตกรรมการฉีดรูปแบบใหม่ ที่สามารถส่งสารบำรุงผิวเข้าไปถึง
ชั้นใต้ผิวหนังโดยตรง  สามารถกำหนดความลึกและปริมาณยา พร้อมกันได้ถึง 9 จุด ทำให้ได้รับการบำรุงอย่างทั่วถึงและสม่ำเสมอ  และที่สำคัญ สารบำรุงที่ใช้ได้รับการรับรอง จาก U.S. FDA ทำให้มั่นใจได้เลยว่าปลอดภัยแน่นอนค่",Q/A,Glow Skin (Auto Injection)
"Revs ช่วยเรื่องอะไร: Revs เหมาะกับ
✅สามารถกำหนดความลึก และปริมาณยาพร้อมกันได้ถึง 9 จุด
✅มี Hyaluronic acid (HA) , Polynucleotide เป็นส่วนประกอบหลักและสารบำรุงผิวๆอื่น อีกกว่า 50 ชนิด
✅ช่วยซ่อมแซมย้อนอายุผิวได้ถึงระดับ DNA 
✅ปรับโครงสร้าง และฟื้นฟูชั้นผิวให้แข็งแรง
✅ฟื้นฟูสภาพผิวให้มีความอ่อนเยาว์ ลดเลือนริ้วรอยอย่างมีประสิทธิภาพ
✅กระตุ้นการสร้างคอลลาเจน และอิลาสตินบนผิว",Q/A,Glow Skin (Auto Injection)
"Revs ราคาเท่าไร: 1 ครั้ง ปกติราคา 6,900 บาท 
โปรโมชั่นพิเศษ 
1 ครั้ง เพียง 5,900 บาท 
4 ครั้ง เพียง 19,600 บาท",Q/A,Glow Skin (Auto Injection)
Bright & glow ช่วยเรื่องอะไร: คือ สารบำรุงที่ช่วยเรื่องลดเลือนฝ้า กระ จุดด่างดำ โดยเฉพาะแนะนำให้ฉีด  2 อาทิตย์ครั้ง ต่อเนื่อง6ครั้งขึ้นไปนะคะ,Q/A,Glow Skin (Auto Injection)
"Bright & glow ราคาเท่าไร: 1 ครั้ง ปกติราคา 6,900 บาท 
โปรโมชั่นพิเศษ 
1 ครั้ง เพียง 5,900 บาท 
4 ครั้ง เพียง 19,600 บาท",Q/A,Glow Skin (Auto Injection)
NCTF คืออะไร: คือ สารบำรุงที่ช่วยเพิ่มคุณภาพผิว สามารถป้องกันสัญญาณผิวเสื่อมโทรม และแก้ไขปัญหาผิวให้กลับมาดูโกลว์ฉ่ำน้ำ กระจ่างใส อมชมพูอย่างเป็นธรรมชาติ ด้วยส่วนประกอบ HA และ วิตามินผิว 59 ชนิด ที่ช่วยบำรุงผิว,Q/A,Glow Skin (Auto Injection)
"NCTF เหมาะกับใคร: NCTF เหมาะกับ
✅ผู้ที่มีริ้วรอยร่องตื้น
✅ผู้ที่มีปัญหาผิวหน้าหมองคล้ำ ไม่สดใส
✅ผู้ที่สูญเสียความยืดหยุ่น ผิวเหี่ยว
✅ผู้ที่มีรูขุมขนกว้าง ไม่กระชับ
✅ผู้ที่มีปัญหาผิวแห้งกร้าน ขาดน้ำ",Q/A,Glow Skin (Auto Injection)
"ผลลัพธ์หลังทำ NCTF เป็นอย่างไร: ผลลัพธ์หลังทำ 
ชั้นผิวหนังหนาขึ้น เสริมสร้างคอลลาเจน อิลาสติน และไฟโบรบลาสต์
+144% ผิวฉ่ําโกลว์ กระจ่างใส อมชมพู
+132% ผิวชุ่มชื้น อิ่มน้ํา
- 33% ริ้วรอยตีนกา ริ้วรอยร่องตื้น จางลง
-59% รูขุมขนกระชับ เล็กลง
✅แนะนำให้ฉีด 3 ครั้ง ห่างกันครั้งละ 3 สัปดาห์ ผลลัพธ์อยู่ได้นาน 4-6 เดือน",Q/A,Glow Skin (Auto Injection)
"NCTF ราคาเท่าไร: 1 ครั้ง ปกติราคา 8,900 บาท 
โปรโมชั่นพิเศษ 
1 ครั้ง เพียง 7,900 บาท 
4 ครั้ง เพียง 27,600 บาท",Q/A,Glow Skin (Auto Injection)
"โปรแกรม Skin Booster Injection ช่วยเรื่องอะไร: คือ โปรแกรม ""บำรุงผิวหน้าอย่างล้ำลึก""  คืนความชุ่มชื้น พร้อมเติมสารบำรุงให้ผิวฟื้นฟูและกระตุ้นเซลล์ผิวใหม่ คงความอ่อนเยาว์ แก้ไขปัญหาผิวแห้งขาดน้ำ ผิวไม่แข็งแรง มีรอยดำ รอยแดง และผิวไม่เรียบเนียน",Q/A,Skin Booster Injection
"โปรแกรม Skin Booster Injection มียาตัวไหนบ้าง: ได้แก่ Revs , Bright & glow , NCTF และ Rejuran นะคะ",Q/A,Skin Booster Injection
"Revs ราคาเท่าไร: ปกติครั้งละ 7,900 บาท 
โปรโมชั่นพิเศษ 
1 ครั้ง เพียง 6,900 บาท",Q/A,Skin Booster Injection
"Bright & glow ราคาเท่าไร: ปกติครั้งละ 7,900 บาท 
โปรโมชั่นพิเศษ 
1 ครั้ง เพียง 6,900 บาท",Q/A,Skin Booster Injection
"NCTF ราคาเท่าไร: ปกติครั้งละ 9,900 บาท 
โปรโมชั่นพิเศษ 
1 ครั้ง เพียง 8,900 บาท",Q/A,Skin Booster Injection
Rejuran มีสูตรไหนบ้าง: โปรแกรม Rejuran มี 2 สูตร ได้แก่ Rejuran Classic และ Rejuran HB plus นะคะ,Q/A,Skin Booster Injection
"Rejuran Classic ช่วยเรื่องอะไร: Rejuran Classic ช่วยเรื่อง
✅ผิวเด็ก ฉ่ำน้ำ อิ่มฟู
✅กระชับรูขุมขน
✅ฟื้นฟูผิวให้แข็งแรง มีความยืดหยุ่น
✅ปรับสมดุลน้ำ และน้ำมันใต้ผิว
✅ผิวดูสุขภาพดี
✅ประกับไปด้วย Polynucleotide2%",Q/A,Skin Booster Injection
"Rejuran HB plus ช่วยเรื่องอะไร: Rejuran HB plus ช่วยเรื่อง
✅เพิ่มความชุ่มชื้นให้กับผิว
✅กระชับรูขุมขน
✅เพิ่มความยืดหยุ่นให้กับผิว
✅ผิวเรียบเนียน ปรับสีผิวให้สม่ำเสมอ 
✅ลดเลือนริ้วรอย
✅ประกับไปด้วย Polynucleotide2% , HA , Lidocaine",Q/A,Skin Booster Injection
"Rejuran ราคาเท่าไร: 1 ครั้ง ปกติราคา 12,000 บาท 
โปรโมชั่นพิเศษ 
1 ครั้ง เพียง 9,900 บาท 
2 ครั้ง เพียง 16,900 บาท",Q/A,Skin Booster Injection
Meso Skin Bright เหมาะกับใคร: ช่วยบำรุงผิวหน้าให้ชุ่มชื้น ล้ำลึก เติมสารบำรุงให้ผิว ฟื้นฟูและกระตุ้นเซลล์ผิวใหม่ คงความอ่อนเยาว์ แก้ไขปัญหาผิวแห้งขาดน้ำ ผิวไม่แข็งแรง มีรอยดำ รอยแดง และ ผิวไม่เรียบเนียน,Q/A,Meso Skin Bright
"Meso Skin Bright ช่วยเรื่องอะไร: 1. ปรับผิวกระจ่างใส ไม่หมองคล้ำ
2. เพิ่มความชุ่มชื้นให้ผิว 
3. ลดการเกิดขึ้นของเม็ดสีเมลานิน 
4. เพิ่มความชุ่มชื้น สร้างความยืดหยุ่นให้แก่ผิวหน้า 
5. แก้ปัญหารูขุมขนกว้าง 
6. แก้ปัญหาฝ้า กระ และจุดด่างดำ 
7. เสริมสร้างความแข็งแรงของผิว ให้ผิวมีสุขภาพที่ดี 
8. ชะลอการเกิดขึ้นของริ้วรอย และลดโอกาสการเกิดริ้วรอยใหม่ๆ บนผิวหน้า 
9. ลดปัญหาสิว และการอักเสบของผิว",Q/A,Meso Skin Bright
"คำแนะนำ หลังฉีด Meso Skin Bright: 1. ประคบอุ่นใน 1 ชั่วโมงแรก ตามคำแนะนำของแพทย์
2. ประคบเย็นภายใน 48 แรก หากเกิดรอยแดง รวมถึงรอยช้ำในบริเวณที่ฉีด 
3. ไม่ควรนวดหลังทำเสร็จในทันที 
4. หลีกเลี่ยงการทาครีมบำรุงผิวหลังทำ 1 คืน 
5. ไม่สูบบุหรี่ รวมถึงดื่มแอลกอฮอล์หนักๆ หลังทำเสร็จ 
6. ทาครีมกันแดดอย่างสม่ำเสมอ 
7. พักผ่อนให้เพียงพอ อย่านอนดึก",Q/A,Meso Skin Bright
ฉีด Meso Skin Bright  กี่ครั้งถึงจะเห็นผล: เมโสหน้าใสกี่ครั้งเห็นผล โดยหลักๆ จะใช้เวลาประมาณ 3 วันถึงจะเห็นผลลัพธ์ที่ชัดเจนขึ้น และเห็นผลอย่างเต็มที่ภายใน 7-14 วัน โดยสามารถฉีดได้เรื่อยๆ ประมาณ 2 สัปดาห์ต่อครั้ง หรือตามคำแนะนำของแพทย์เป็นหลัก,Q/A,Meso Skin Bright
"Meso Skin Bright ราคาเท่าไร: 1 ครั้ง ปกติราคา 2,500 บาท 
โปรโมชั่นพิเศษ 
1 ครั้ง เพียง 1,900 บาท",Q/A,Meso Skin Bright
IV Drip คืออะไร: IV Drip เป็นการเติมอาหารผิวเข้มข้นผ่านสายน้ำเกลือ สามารถฟื้นฟูสุขภาพดีจากภายใน โดยไม่ต้องทาหรือดื่ม ช่วยซ่อมแซมและฟื้นฟูเซลล์ผิวที่อ่อนแอให้กลับมาแข็งแรงและสุขภาพดีได้อย่างรวดเร็ว ที่ SPACE V CLINIC มีให้เลือกหลากหลายสูตรตามไลฟ์สไตล์ความต้องการของทุกคน ดริปได้ทุกเพศทุกวัยนะคะ,Q/A,IV Drip
"IV Drip ที่ SPACE V CLINIC มีกี่สูตร: ที่ SPACE V CLINIC มี Vitamin Drip ทั้งหมด 5 สูตร ได้แก่  
- สูตรออร่าไวท์ (Aura White IV Drip)
 -สูตรเพิ่มพลังงาน (Energy Booster Drip) 
 -สูตรวิตามินซี (Vitamin C IV Drip)
 -สูตรเพิ่มภูมิคุ้มกัน (Immune Booster IV Drip)
 -สูตรดีท็อกซ์ (Detox IV Drip)",Q/A,IV Drip
Vitamin C IV Drip ช่วยเรื่องอะไร: ช่วยเรื่องผิวใส ช่วยต้านอนุมูลอิสระ ยับยั้งสารก่อมะเร็งไนโตรซามีน สังเคราะห์คอลลาเจน เพิ่มภูมิต้านทานให้กับร่างกายนะคะ,Q/A,IV Drip
"Vitamin C IV Drip ราคาเท่าไร: 1 ครั้ง ปกติราคา 2,500 บาท 
โปรโมชั่นพิเศษ 
1 ครั้ง เพียง 1,900 บาท 
3 ครั้ง เพียง 4,500 บาท
6 ครั้ง เพียง 7,200 บาท",Q/A,IV Drip
Energy Booster IV Drip ช่วยเรื่องอะไร: เพิ่ม Energy ให้แก่ร่างกาย แก้อาการแฮงค์ ส่งเสริมการสร้างพลังงาน ทำให้รู้สึกสดชื่น ตื่นตัว จากอาการร่ายกายอ่อนล้า อ่อนเพลียด้วยนะคะ,Q/A,IV Drip
"Energy Booster IV Drip ราคาเท่าไร: 1 ครั้ง ปกติราคา 2,500 บาท 
โปรโมชั่นพิเศษ 
1 ครั้ง เพียง 1,900 บาท 
3 ครั้ง เพียง 4,500 บาท
6 ครั้ง เพียง 7,200 บาท",Q/A,IV Drip
Aura White IV Drip ช่วยเรื่องอะไร: ผิวกระจ่างใส ดูสุขภาพดีเป็นธรรมชาติ ต้านอนุมูลอิสระ กระตุ้นการสร้างกลูต้าไธโอน และคอลลาเจน เพื่อให้ผิวดูกระจ่างใส แลดูอ่อนกว่าวัยด้วยนะคะ,Q/A,IV Drip
Aura White IV Drip ควรทำกี่ครั้งเพื่อให้ได้ผลลัพธ์ดีที่สุด: แนะนำควรทำสัปดาห์ละครั้ง ต่อเนื่อง 6 ครั้งขึ้นไป ผิวจะเริ่มดูกระจ่างใส ดูลื่น และเนียนขึ้นนะคะ,Q/A,IV Drip
"Aura White IV Drip ราคาเท่าไร: 1 ครั้ง ปกติราคา 3,000 บาท 
โปรโมชั่นพิเศษ 
1 ครั้ง เพียง 2,500 บาท 
3 ครั้ง เพียง 6,000 บาท
6 ครั้ง เพียง 9,000 บาท",Q/A,IV Drip
Immune Booster IV Drip ช่วยเรื่องอะไร: เสริมสร้างคุ้มกัน เพิ่มภูมิต้านทาน ช่วยสร้างสารสื่อประสาทนะคะ,Q/A,IV Drip
"Immune Booster IV Drip ราคาเท่าไร: 1 ครั้ง ปกติราคา 3,000 บาท 
โปรโมชั่นพิเศษ 
1 ครั้ง เพียง 2,500 บาท 
3 ครั้ง เพียง 6,000 บาท
6 ครั้ง เพียง 9,000 บาท",Q/A,IV Drip
Detox IV Drip ช่วยเรื่องอะไร: ดีด็อกซ์ตับ ช่วยขับสารพิษ ส่งเสริมการทำงานของตับในการกำจัดของเสียภายในร่างกายนะคะ,Q/A,IV Drip
"Detox IV Drip ราคาเท่าไร: 1 ครั้ง ปกติราคา 3,000 บาท 
โปรโมชั่นพิเศษ 
1 ครั้ง เพียง 2,500 บาท 
3 ครั้ง เพียง 6,000 บาท
6 ครั้ง เพียง 9,000 บาท",Q/A,IV Drip
ดริปวิตมินใช้เวลานานไหม: การดริปวิตามินผิว ใช้เวลาประมาณ 20-30 นาทีครับ,Q/A,IV Drip
ดริปวิตามินราคา 999 บาทได้กี่ครั้ง: ราคานี้เป็นราคาโปรโมชั่นต่อครั้งครับ,Q/A,IV Drip
"ดริปวิตามินราคา 999บาทได้สูตรไหนบ้าง: โปรโมชั่นดริปวิตามินราคา 999 บาท มี 2 สูตร ครับ
1. สูตรเพิ่มพลังงาน (Energy Booster IV Drip) และ
2. สูตรวิตามินซี (Vitamin C IV Drip)",Q/A,IV Drip
อายุต่ำกว่า15 ทำได้ไหม: แนะนำการดริปวิตามินผู้ทำควรจะมีอายุ 18 ปีขึ้นไป และควรปรึกษา และคำแนะนำจากแพทย์ผู้เชี่ยวชาญเท่านั้นครับ,Q/A,IV Drip
"แนะนำดริปวิตามิน เป็นสูตรไหนดี: ที่ Space V Clinic มี Vitamin Drip หลากหลายสูตรให้เลือก เพื่อให้ตรงกับความต้องการของคุณลูกค้าครับ

 - สูตรออร่าไวท์ (Aura White IV Drip)
 -สูตรเพิ่มพลังงาน (Energy Booster Drip) 
 -สูตรวิตามินซี (Vitamin C IV Drip)
 -สูตรเพิ่มภูมิคุ้มกัน (Immune Booster IV Drip)
 -สูตรดีท็อกซ์ (Detox IV Drip)

หากสนใจสามารถติดต่อสอบถามเพิ่มเติมได้ที่คลินิกโดยตรงหรือผ่านทางช่องทางออนไลน์ที่คลินิกให้บริการครับ",Q/A,IV Drip
HIFU คืออะไร: คือ การยกกระชับผิวที่หย่อนคล้อย สลายไขมัน ปรับรูปหน้าให้เรียวขึ้น ผลลัพธ์อยู่นาน 3-6 เดือน,Q/A,HIFU
"HIFU เหมาะกับใคร: การทำ HIFU ช่วยฟื้นฟู ยกกระชับ และปรับรูปหน้า และตอบโจทย์กับผู้ที่มีปัญหาเหนียง คางสองชั้น เพราะมีไขมันส่วนเกินใบบริเวณใต้คางและไขมันส่วนเกินบนใบหน้าเยอะเกินไป HIFU จะใช้ได้ผลดี ในการลดเหนียงที่เกิดจากการหย่อนคล้อยของผิว  ช่วยให้เหนียงกระชับขึ้นและกระตุ้นการสร้างคอลลาเจนในผิว นอกจากนี้ยังเหมาะกับผู้ที่อายุ 20 ปีขึ้นไปด้วย
   แต่ทั้งนี้ไม่เหมาะกับ สตรีมีครรภ์ หรือผู้ป่วยบางโรคทั้งนี้ควรปรึกษาแพทย์ผู้ชำนาญการเพื่อประเมินการรักษาอย่างถูกต้องก่อนทำไฮฟู่",Q/A,HIFU
"HIFU ทำส่วนไหนได้บ้าง: HIFU สามารถใช้ได้กับหลายส่วนของร่างกายเพื่อการยกกระชับและลดริ้วรอย โดยส่วนที่ได้รับความนิยมในการทำ HIFU ได้แก่
1. ใบหน้า (Face)
    • ทั่วใบหน้า เพื่อยกกระชับผิว ลดริ้วรอย และทำให้ใบหน้าดูอ่อนเยาว์
    • หน้าผาก ลดริ้วรอยและยกกระชับบริเวณหน้าผาก
    •  รอบดวงตา เพื่อลดถุงใต้ตาและริ้วรอยรอบดวงตา
    •  แก้ม เพื่อยกกระชับแก้มที่หย่อนคล้อยและทำให้ใบหน้าดูเรียวขึ้น
    •  กรอบหน้า (V-line) เพื่อปรับรูปหน้าให้ดูเรียวและกระชับ
2. ลำคอ (Neck)
    • การทำ HIFU ที่ลำคอช่วยลดความหย่อนคล้อยและริ้วรอยบริเวณลำคอ       ทำให้ลำคอดูเรียบเนียนและกระชับ
3. ร่างกาย (Body)
    • สะโพกและก้น ช่วยกระชับผิวและทำให้รูปร่างดูดีขึ้น
    • หน้าท้อง เพื่อลดความหย่อนคล้อยของผิวหน้าท้องหลังคลอดหรือหลังลดน้ำหนัก
    • ต้นแขนและต้นขา เพื่อยกกระชับผิวบริเวณต้นแขนและต้นขาให้กระชับขึ้น",Q/A,HIFU
HIFU นานไหมกว่าจะเห็นผล: แนะนำให้เข้ารับการรักษาด้วย HIFU เดือนละ 1 ครั้ง ต่อเนื่องอย่างน้อย 3 ครั้ง และการทำไฮฟู่จะใช้ระยะเวลาในการทำการรักษาประมาณ 40-60 นาที,Q/A,HIFU
"การดูแลหลังทำ HiFU: • หลังรักษา 2-4 วัน ทาครีมกันแดด SPF ตั้งแต่ 50 ขึ้นไป และหลีกเลี่ยงความร้อนและแสงแดดเพื่อไม่ให้คอลลาเจนในชั้นผิวถูกทำลาย 
• หลังรักษาประมาณ 1 สัปดาห์ สามารถใช้ Botulinum toxin สารเติมเต็ม ร้อยไหม หรือเลเซอร์ได้ตามปกติ (ขึ้นอยู่กับสภาพผิวของแต่ละบุคคล)
• งดการสครับผิวหรือขัดถูใบหน้าแรงๆ เป็นเวลา 1 สัปดาห์ แต่สามารถล้างหน้าและแต่งหน้าได้ตามปกติ",Q/A,HIFU
"ทำ HIFU ทั่วหน้าต้องใช้กี่ Short: จำนวนช็อตที่เหมาะสมในการทำ HIFUI จะขึ้นอยู่สภาพผิวหน้าของแต่ละบุคคล และการประเมินของแพทย์ผู้ทำการรักษา แต่โดยหลัก ๆ แล้ว จำนวนช็อตในการทำ HIFU ในแต่ละบริเวณ มีดังนี้
  • ทั่วใบหน้า ประมาณ 200-600 lines
  •  หน้าผาก ประมาณ 200-400 lines
  •  รอบดวงตา ประมาณ 200-400 lines
  • หน้าแก้มทั้ง 2 ข้าง ประมาณ 400-600 lines 
  • คาง หรือเหนียง ประมาณ 400-800 lines",Q/A,HIFU
"HIFU ราคาเท่าไร: ราคาโปรโมชั่น 100 Lines 1,990 บ. (จากปกติ 3,000 บ.)
400 Lines ราคา 7,960 บ. (จากปกติ 12,000 บ.)",Q/A,HIFU
Ultraformer III คืออะไร: คือ การยกกระชับ ปรับรูปหน้า สลายไขมันใต้ชั้นผิว กระตุ้นคอลลาเจน ลดริ้วรอยตื้นๆ ผลลัพธ์อยู่นาน 6-8 เดือน,Q/A,Ultraformer III
"Ultraformer III ช่วยเรื่องอะไร: 1. เก็บกระเปาะแก้มและเหนียงที่ห้อยจากหน้าหย่อนคล้อย
2. ยกกระชับหน้า แก้ปัญหาหน้าเหี่ยว ผิวไม่กระชับ
3. กระตุ้นการสร้างคอลลาเจน ผิวเด็ก ผิวแน่นขึ้น
4. ปรับรูปหน้า แก้ปัญหากรอบหน้าไม่ชัด ช่วยให้หน้า V-Shape
5. ลดริ้วรอยรอบดวงตา หน้าผาก ร่องแก้ม รอยพับรอบคอ
6. แก้ปัญหาหนังตาตก คิ้วตก",Q/A,Ultraformer III
"Ultraformer III เหมาะกับใคร: 1. ผู้มีปัญหาผิวหนังใบหน้าและลำคอหย่อนคล้อย
2. ผู้มีปัญหาคิ้วตก หนังตาตก ขอบตาล่างหย่อนยาน มีเนื้อใต้คางเป็นชั้นๆ
3. ผู้มีปัญหาแก้มหย่อนคล้อย ร่องแก้มลึก มุมปากตก
4. ผู้ที่ต้องการปรับรูปหน้าให้เรียวแบบ V Shape โดยไม่ต้องการจะทำศัลยกรรม
5. ผู้ที่ต้องการกระชับสัดส่วนในบริเวณหน้าท้อง ต้นแขน ท้องแขน ต้นขา ผิวส่วนเกินบริเวณรอบหัวเข่า",Q/A,Ultraformer III
"การดููแลหลังทำ Ultraformer III: 1. หลังยกกระชับหน้าด้วย Ultraformer III สามารถแต่งหน้าและทำกิจกรรมได้ตามปกติทันทีภายหลังการรักษา
2. ควรล้างหน้าด้วยน้ำเปล่าอุณหภูมิปกติ (ควรหลีกเลี่ยงการล้างด้วยน้ำอุ่น)
3. ควรหลีกเลี่ยงสัมผัสอากาศร้อนหรือเย็นจัด เป็นเวลานานๆ
4. ควรปกป้องผิวด้วยครีมกันแดดที่มี SPF มากกว่า 30++ ทุกวัน
5. ควรงดการทำการรักษาด้วยเลเซอร์หรือ เทคโนโลยีอื่นที่เพิ่มความร้อนสูงลงสู่ใต้ชั้นผิวหนัง",Q/A,Ultraformer III
Ultraformer III นานไหมกว่าจะเห็นผล: เห็นผลทันทีในครั้งแรกที่ทำ 10-20% และจะเห็นผลเต็มที่ 1-2 เดือน,Q/A,Ultraformer III
ควรทำ Ultraformer III บ่อยแค่ไหน: หากทำ Ultraformer III ครั้งแรก และอยากให้เห็นผลชัดเจน แนะนำให้ทำเพิ่มอีกครั้งหลังผ่านไป 3 เดือนเพื่อกระตุ้นผิวให้ต่อเนื่อง หลังจากนั้นจึงกลับมาทำอีกทุกๆ 6 เดือนหรือปีละ 2-3 ครั้งเพื่อคงความตึงกระชับ ให้ผิวเด็ก หน้าเรียวกระชับอยู่เสมอ,Q/A,Ultraformer III
"ทำ Ultraformer III ทั่วหน้าต้องใช้กี่ Short: จำนวนช็อตที่เหมาะสมในการทำ Ultraformer III จะขึ้นอยู่สภาพผิวหน้าของแต่ละบุคคล และการประเมินของแพทย์ผู้ทำการรักษา แต่โดยหลัก ๆ แล้ว จำนวนช็อตในการทำ Ultraformer III ในแต่ละบริเวณ มีดังนี้
  • ทั่วใบหน้า ประมาณ 600-800 lines
  •  หน้าผาก ประมาณ 200-400 lines
  •  รอบดวงตา ประมาณ 200-400 lines
  • หน้าแก้มทั้ง 2 ข้าง ประมาณ 400-600 lines 
  • คาง หรือเหนียง ประมาณ 400-800 lines",Q/A,Ultraformer III
"Ultraformer III กับ HIFU ต่างกันยังไง: Ultraformer III คือชื่อยี่ห้อเครื่องกระชับผิวรุ่นใหม่ที่ได้รับความนิยมที่สุดในตอนนี้ พลังงานสูงกว่า HIFU ปกติ 5 เท่า มีหัวยิงหลายหัว ยิงได้ครบทุกระดับชั้นผิว แก้ปัญหาผิวได้แม่นยำ ยกกระชับผิว แก้ปัญหาความหย่อนคล้อย กรอบหน้าชัด หน้าดูเล็กเรียว ลดริ้วรอยตื้นๆ ให้ดูจางลง กระตุ้นคอลลาเจนให้ผิวดูเด็กขึ้น พลังงานสูงและเสถียรมากกว่า HIFU รุ่นอื่นๆ

เครื่อง HIFU เป็นเครื่องยกกระชับผิวรุ่นเก่า ประสิทธิภาพต่ำกว่า Ultraformer III พลังงานต่ำและไม่เสถียร",Q/A,HIFU & Ultraformer III
"Ultraformer III ราคาเท่าไร: 100 lines ปกติราคา 4,000 บาท 
โปรโมชั่นพิเศษ 
100 lines เพียง 3,990 บาท
200 lines เพียง 6,990 บาท (จากปกติ 8,000 บ.)
400 lines เพียง 9,990 บาท (จากปกติ 16,000 บ.)",Q/A,Ultraformer III
Ultraformer MPT คืออะไร: เครื่องยกกระชับรุ่นใหม่ล่าสุด 3 in 1 ยกกระชับ สลายไขมัน บำรุงผิว ยกกระชับผิวใบหน้า ลงลึกถึงชั้น SMAS ลดริ้วรอย กระตุ้นคอลลาเจน สลายไขมันใต้ชั้นผิว ผลลัพธ์อยู่นาน 6-8 เดือน,Q/A,Ultraformer MPT
"Ultraformer MPT ช่วยเรื่องอะไร: 1. กระชับและลดริ้วรอยรอบดวงตา รวมถึงการยกคิ้ว
2. ลดร่องแก้ม ยกมุมปาก
3. ลดรอยเหี่ยวย่น ยกกระชับผิวหนังบริเวณคางและลําคอ
4. ปรับรูปหน้าให้เรียวกระชับ
5. สลายไขมันและกระชับผิวที่ลําตัว เป็นต้น",Q/A,Ultraformer MPT
"Ultraformer MPT เหมาะกับใคร: 1. ผู้มีปัญหาผิวหนังใบหน้าและลําคอหย่อนคล้อย ขาดความกระชับ และต้องการยกกระชับหน้า
2. ผู้ที่มีริ้วรอย รอยเหี่ยวย่น บริเวณใบหน้าและลําคอ
3. ผู้ที่มีปัญหาคิ้วตก หางตาตก หนังตาตก ขอบตาด้านล่างหย่อนยาน มีริ้วรอยรอบดวงตา
4. ผู้ที่มีปัญหากรอบหน้าไม่ชัด
5. ผู้ที่มีไขมันสะสมตรงบริเวณแก้มและใต้คาง มีแก้มห้อยย้อย มีเหนียง
6. ผู้ที่ต้องการปรับรูปหน้าให้เรียวเล็ก
7. ผู้ที่มีผิวหมองคล้า ขาดความสดใส
8. ผู้ที่มีไขมันส่วนเกินบนร่างกาย แต่ไม่ต้องการแก้ปัญหาด้วยการผ่าตัดศัลยกรรม",Q/A,Ultraformer MPT
"จุดเด่นของ Ultraformer MPT: 1. Ultraformer MPT เป็นเครื่องยกกระชับหน้าที่มีความปลอดภัยสูงและเป็นที่ยอมรับถึงประสิทธิภาพในการรักษาของแพทย์ผู้เชี่ยวชาญด้านความงามจากสถาบันชั้นนํา
2. สามารถปล่อยพลังงานคลื่นลงลึกได้ทุกชั้นผิว โดยไม่ทําลายเนื้อเยื่อผิวโดยรอบ
3. เป็นเทคโนโลยีที่ทันสมัย ทําให้แพทย์สามารถกําหนดรูปแบบการปล่อยพลังงานคลื่นและกําหนดตําแหน่งความลึกที่ต้องการรักษาได้อย่างแม่นยําขึ้น ทําให้ประสิทธิภาพในการรักษาดีขึ้น สามารถรักษาได้ตรงจุดมากขึ้น
4. ใช้แก้ปัญหาความหย่อนคล้อยได้ทั่วทั้งใบหน้า รวมไปถึงลําคอ เหนียง และในส่วนของลําตัวด้วย
5. ไม่เป็นอันตรายต่อผิว ไม่มีแผลหลังการรักษา
6. แก้ปัญหาผิวและความหย่อนคล้อยได้โดยไม่ต้องผ่าตัด ไม่ต้องเสียเวลาพักฟื้น
7. เห็นผลลัพธ์ทันทีหลังการรักษา",Q/A,Ultraformer MPT
"การปล่อยพลังงาน 3 รูปแบบของ Ultraformer MPT: 1. Dot ลักษณะคลื่นพลังงานที่ปล่อยออกมาจะเป็นจุด ๆ เส้นประ เหมาะสำหรับยิงไปที่ชั้น SMAS เพื่อยกกระชับผิว
2. Linear ลักษณะคลื่นพลังงานที่ปล่อยออกมาจะมีลักษณะเป็นเส้นตรง ช่วยยกกระชับและสลายไขมันในชั้นผิวได้อย่างมีประสิทธิภาพ
3. Circle ลักษณะคลื่นพลังงานที่ปล่อยออกมาจะเป็นลักษณะวงกลม ช่วยให้การปล่อยพลังงานทําได้อย่างทั่วถึง ครอบคลุมบริเวณที่ต้องการทําทั้งหมด เหมาะสำหรับฟื้นฟูบำรุงผิว กระตุ้นคอลลาเจน ทำให้ผิวกระจ่างใสและเรียบเนียนขึ้น
    โดยการปล่อยพลังงานคลื่น 1 Shot สามารถปล่อยได้ถึง 417 dots เลยทีเดียว ซึ่งการปล่อยพลังงานที่เร็วขึ้นเช่นนี้ จะทําให้ใช้เวลาในการทำเร็วกว่ารุ่นอื่น ๆ ถึง 2.5 เท่า และเจ็บน้อยลงกว่าแบบเดิม",Q/A,Ultraformer MPT
"Ultraformer MPT สามารถแก้ปัญหาจุดไหนได้บ้าง: 1. ใบหน้าและลําคอ เช่น หน้าผาก,ริ้วรอยรอบดวงตา หางตา ใต้ตา,คิ้ว หว่างคิ้ว,แก้ม ร่องแก้ม,มุมปาก,กรอบหน้า,สลายไขมันใต้คางและรอยเหี่ยวย่นบริเวณลำคอ เป็นต้น
2. บริเวณลําตัวที่มีไขมันส่วนเกินและต้องการยกกระชับ เช่น ต้นแขน,หน้าอก,หน้าท้อง,หลัง(ช่วงปีกหลัง),รอบเอว,พื้นที่บริเวณเหนือหัวเข่า,ต้นขา,น่อง,เนื้อส่วนเกินบริเวณใต้รักแร้ เป็นต้น",Q/A,Ultraformer MPT
"การเตรียมตัวก่อนทำ Ultraformer MPT: การยกกระชับผิวและสลายไขมันด้วย Ultraformer MPT เป็นหัตถการที่ไม่ใช่การผ่าตัด เจ็บน้อย ปลอดภัย มีโอกาสเกิดผลข้างเคียงที่เป็นอันตรายได้น้อยมาก จึงไม่จำเป็นต้องเตรียมอะไรเป็นพิเศษ แต่เพื่อให้การทำหัตถการเป็นไปอย่างราบรื่น แนะนำให้เตรียมตัวก่อนทำ Ultraformer MPT ดังนี้
1. หากมีโรคประจำตัว มีปัญหาผิวบาง หรือเคยทำหัตถการอื่น ๆ บนใบหน้ามาก่อน จะต้องแจ้งให้แพทย์ทราบก่อนทำหัตถการ
2. งดรับประทานยากลุ่มแอสไพริน วิตามิน ผลิตภัณฑ์อาหารเสริมต่าง ๆ และเครื่องดื่มแอลกอฮอล์
3. ทำจิตใจให้ผ่อนคลาย ไม่ต้องกังวล
4. ควรนอนหลับพักผ่อนให้เพียงพอก่อนเข้ารับการทำหัตถการ",Q/A,Ultraformer MPT
"การดูแลหลังทำ Ultraformer MPT: Ultraformer MPT เป็นหัตถการที่มีความปลอดภัยสูง มีโอกาสเกิดผลข้างเคียงที่เป็นอันตรายได้น้อยมาก แต่เพื่อให้ผลลัพธ์ของการยกกระชับผิวด้วย Ultraformer MPT มีประสิทธิภาพมากที่สุด แนะนำให้ดูแลตัวเองหลังทำ  Ultraformer MPT ดังนี้
1. ในช่วง 4-5 วันแรกหลังทำหัตถการ ควรหลีกเลี่ยงการเผชิญกับแสงแดด และงดกิจกรรมที่ทำให้ผิวหน้าต้องสัมผัสกับความร้อน เช่น การสตรีม หรือซาวน่า
2. ควรนอนหลับพักผ่อนให้เพียงพอ รับประทานอาหารที่มีประโยชน์ และดื่มน้ำให้มาก ๆ เพื่อเสริมประสิทธิภาพการสร้างคอลลาเจนใหม่ให้ได้มากที่สุด
3. หากมีอาการบวมแดง สามารถประคบเย็นเพื่อบรรเทาอาการได้
4. หากมีอาการบวมบริเวณที่ทำ สามารถนอนหมอนสูงเพื่อลดอาการบวมได้ โดยปกติแล้วอาการบวมจะหายได้เองภายใน 2-3 วัน",Q/A,Ultraformer MPT
ทำ Ultraformer MPT นานไหมกว่าจะเห็นผล: หลังจากที่ทำ Ultraformer MPT แล้ว จะเห็นการเปลี่ยนแปลงทันทีหลังทำ 20% โดยผิวหน้าจะดูยกกระชับมากขึ้น หลังจากนั้นผิวบริเวณที่ทำจะถูกกระตุ้นให้สร้างคอลลาเจนใหม่อย่างต่อเนื่อง โดยจะค่อย ๆ เห็นผลลัพธ์ชัดเจนภายใน 1-3 เดือนขึ้นอยู่กับสภาพผิวของแต่ละคน และผลลัพธ์อยู่ได้นาน 6-8 เดือน,Q/A,Ultraformer MPT
ควรทำ Ultraformer MPT บ่อยแค่ไหน: แนะนำให้ทำ Ultraformer MPT ทุก ๆ 3-6 เดือน เพื่อเสริมประสิทธิภาพการยกกระชับผิว และทำให้ผลลัพธ์อยู่ได้นานมากขึ้น,Q/A,Ultraformer MPT
ทำ Ultraformer MPT เจ็บไหม: ในระหว่างที่ทำ Ultraformer MPT จะรู้สึกเจ็บเล็กน้อย โดยจะมีความรู้สึกอุ่นถึงร้อน อาจจะรู้สึกถึงความเจ็บจี๊ดๆ บริเวณชั้นกล้ามเนื้อใต้ผิว แต่ไม่ต้องกังวลแต่อย่างใด เพราะก่อนที่จะทำหัตถการจะมีการแปะยาชาให้ก่อน ซึ่งจะช่วยลดความเจ็บในระหว่างทำหัตถการได้,Q/A,Ultraformer MPT
"ทำ Ultraformer MPT ทั่วหน้าต้องใช้กี่ Short: จำนวนช็อตที่เหมาะสมในการทำ Ultraformer MPT จะขึ้นอยู่สภาพผิวหน้าของแต่ละบุคคล และการประเมินของแพทย์ผู้ทำการรักษา แต่โดยหลัก ๆ แล้ว จำนวนช็อตในการทำ Ultraformer MPT ในแต่ละบริเวณ มีดังนี้
  • ทั่วใบหน้า ประมาณ 400-600 lines
  • หน้าผาก ประมาณ 100-200 lines
  • รอบดวงตา ประมาณ 100-200 lines
  • หน้าแก้มทั้ง 2 ข้าง ประมาณ 300-500 lines 
  • คาง หรือเหนียง ประมาณ 200 lines",Q/A,Ultraformer MPT
"Ultraformer MPT ราคาเท่าไร: 100 lines ปกติราคา 5,000 บาท 
โปรโมชั่นพิเศษ 
400 lines เพียง 14,990 บาท 
600 lines เพียง 19,990 บาท 
800 lines เพียง 24,990 บาท",Q/A,Ultraformer MPT
"ความแตกต่างระหว่าง Ultraformer MPT และ Ultraformer III: Ultraformer III
✅ มี 7 หัว 7 ระดับความลึก
✅ จำนวนการปล่อยพลังงาน 17 dots/shot
✅ ลักษณะการปล่อยพลังงานแบบ 1 dots
✅ ระยะเวลาในการทำ 45 - 60นาที
✅ มีความรู้สึกเจ็บนิดๆขณะทำ
✅ ระยะเวลาคงอยู่ 4 - 6 เดือน
Ultraformer MPT
✅ มี 10 หัว 7 ระดับความลึก
✅ มีโหมดพิเศษ Ultraboots ช่วยบำรุงผิวให้กระจ่างใส เรียบเนียน กระตุ้นการสร้างคอลลาเจน
✅ จำนวนการปล่อยพลังงาน 417 dots/shot
✅ ลักษณะการปล่อยพลังงานแบบ 3 แบบ ได้แก่ Dots , Linear , Circle
✅ ขณะทำรู้สึกเจ็บน้อยมากๆ หรือไม่เจ็บเลย
✅ ระยะเวลาในการทำ 30 - 40 นาที
✅ ระยะเวลาคงอยู่ 6 - 8 เดือน",Q/A,Ultraformer MPT & Ultraformer III
